{"stats":{"minecraft:picked_up":{"minecraft:oak_log":4,"minecraft:moss_block":6,"minecraft:dirt":16},"minecraft:dropped":{"minecraft:dirt":1},"minecraft:custom":{"minecraft:time_since_rest":233,"minecraft:deaths":3,"minecraft:crouch_one_cm":2070,"minecraft:sprint_one_cm":276,"minecraft:play_time":24580,"minecraft:damage_taken":530,"minecraft:walk_one_cm":2377,"minecraft:sneak_time":1080,"minecraft:drop":1,"minecraft:jump":36,"minecraft:damage_dealt":38,"minecraft:leave_game":7,"minecraft:time_since_death":0,"minecraft:total_world_time":24580,"minecraft:fly_one_cm":5650},"minecraft:mined":{"minecraft:grass_block":19,"minecraft:oak_log":4,"minecraft:moss_block":6},"minecraft:used":{"vivilly_dweller:vivilly_dweller_spawn_egg":1,"mimic_dweller:mimic_dweller_spawn_egg":1,"the_knocker:knocker_spawn_egg":1,"minecraft:bedrock":2,"man:manfromthefog_spawn_egg":8,"steve_dweller:steve_dweller_spawn_egg":1,"minecraft:firework_rocket":8,"the_one_who_watches:toww_hallucination_spawn_egg":1,"cartoon_dweller:cartoon_dweller_spawn_egg":1,"mokey:mokey_spawn_egg":1,"minecraft:grass_block":11,"the_rake:the_rake_spawn_egg":1,"man:manfromthefogback_spawn_egg":2,"cursed_sheep:cursed_sheep_spawn_egg":1,"the_one_who_watches:toww_stare_spawn_egg":1,"torture:torture_spawn_egg":1},"minecraft:killed_by":{"the_one_who_watches:toww_running":1}},"DataVersion":3120}